1;com.popcap.flash.games.pvz.states.loading.TitleScreenState_LOADBAR_GRASS_CLASS
2;com.popcap.flash.games.pvz.states.loading.TitleScreenState_IMAGE_REANIM_ZOMBIE_HAIR_CLASS
3;com.popcap.flash.games.pvz.states.loading.TitleScreenState_IMAGE_REANIM_ZOMBIE_JAW_CLASS
5;com.popcap.flash.games.pvz.states.loading.TitleScreenState_IMAGE_REANIM_POTATOMINE_ROCK1_CLASS
4;com.popcap.flash.games.pvz.states.loading.TitleScreenState_BRIANNETOD16_FONT_CLASS
6;com.popcap.flash.games.pvz.states.loading.TitleScreenState_LOADBAR_ZOMBIE_REANIM_CLASS
7;com.popcap.flash.games.pvz.states.loading.TitleScreenState_PVZ_LOGO_CLASS
10;com.popcap.flash.games.pvz.states.loading.TitleScreenState_IMAGE_REANIM_POTATOMINE_ROCK3_CLASS
9;com.popcap.flash.games.pvz.states.loading.TitleScreenState_BRIANNETOD16_IMAGE_CLASS
8;com.popcap.flash.games.pvz.states.loading.TitleScreenState_IMAGE_REANIM_SPROUT_PETAL_CLASS
13;com.popcap.flash.games.pvz.states.loading.TitleScreenState_TITLESCREEN_CLASS
12;com.popcap.flash.games.pvz.states.loading.TitleScreenState_SODROLLCAP_CLASS
11;com.popcap.flash.games.pvz.states.loading.TitleScreenState_LOADBAR_DIRT_CLASS
14;com.popcap.flash.games.pvz.states.loading.TitleScreenState_IMAGE_REANIM_ZOMBIE_HEAD_CLASS
16;com.popcap.flash.games.pvz.states.loading.TitleScreenState_IMAGE_REANIM_SPROUT_BODY_CLASS
15;com.popcap.flash.games.pvz.states.loading.TitleScreenState_LOADBAR_SPROUT_REANIM_CLASS
0;com.popcap.flash.games.pvz.PVZFlash
